2,Networking
2,Servers
2,Data Storage
2,Memory
2,Computers
2,IP Phone And Telephony
2,Cables
Networking,Routers
Networking,Switches
Networking,Network Storage
Networking,Transreceivers
Networking,Wireless Networking
Networking,Network controller And Adapters
Networking,Network Security
Networking,Netwoorking Tools And Accessories
Networking,Modems
Networking,Communication Boards
Networking,DECT Base Stations
Servers,Servers
Servers,Print Servsers
Servers,Server Barebones
Servers,"KVM Switches, Consoles & Accessories"
Data Storage,Storage Solution (Disk Arrays)
Data Storage,Data Tapes
Data Storage,Cleaning Media
Data Storage,Memory Cards
Data Storage,Audio / Video Cassettes
Data Storage,USB Flash Drives
Data Storage,Hard Drives
Data Storage,Storage Accessories
Data Storage,Drives / Readers / Loaders
Data Storage,Disk Duplicators & Erasers
Data Storage,"CD , DVD & Blue Rays"
Memory,System Memory (RAM)
Memory,Printer Memory
Computers,Notebooks
Computers,Workstations
Computers,Handheld Mobile Computers
Computers,POS Terminals
Computers,Thin Clients
Computers,Workstation Barebones
Computers,All-In-One PCs
Computers,Tablet And Tablet PCs
Computers,Stick PCs
IP Phone And Telephony,Telephones
IP Phone And Telephony,Teleconferencing
IP Phone And Telephony,ISDN Access Devices
IP Phone And Telephony,Voice Network Modules
IP Phone And Telephony,IP Phones
IP Phone And Telephony,Video Conferencing
IP Phone And Telephony,Speaker Phones
IP Phone And Telephony,Accessories
Cables,Miscellaneous Cables
Cables,Power Cords
Cables,Telephony Cables
Cables,Printer Cables
Cables,USB Cables
Cables,Firewire Cables
Cables,KVM Cables
Cables,HDMI Cables
Cables,Cable Accessories
Cables,Networking Cables
Cables,Audio Video Cables
Cables,SCSI/SATA/IDE Cables
Cables,Serial & Parallel Cables